{"version":"1.6","map_chara":{"Куникида":1,"Ацуши":2,"Чуя":3,"Акутагава":4,"Дазай":5,"Рампо":6},"plugin":{},"map_font":{"Tataric2_0":"true","5by7_b":"true","5by7":"true","Zaychik-Regular":"true","Saint Regular":"true","Comic Sans MS":"true"},"map_var":{},"live2d_version":"2.1","name":"klub_romantiki_bsd","game_type":"adv","size_type":"5","width":400,"height":600,"vertical":false,"check_title":"no","check_menu":"no","message_window":{"use_image":false,"image_file":"","msg_width":"360","msg_height":"198","msg_top":"385","msg_left":"16","margint":"45","marginl":"10","marginr":"20","marginb":"10","vertical":false,"color":"","opacity":"203","window_color":"0x140202","chara_name_color":"0xFFFFFF","chara_name_size":"18","chara_name_x":"35","chara_name_y":"395","chara_name_bold":"","game_type":"adv","check_chara_mode":true,"text_chara_mod_time":600,"check_memory_chara_face":false,"check_chara_anim":true,"select_chara_anim_mode":"easeInQuad","icon_position_x":"0","icon_position_y":"0","icon_position_fix":false,"select_talk_focus":"none","text_pos_change_time":"600","map_role":{}},"component_manage":{"scenario":{"text":"true","cm":"true","glink":"true","label":"true","jump":"true","s":"true","call":"true","return":"true","tb_ptext_show":"true","tb_ptext_hide":"true","chara_show":"true","chara_hide":"true","chara_mod":"true","chara_hide_all":"true","tb_chara_shake":"true","live2d_show":"true","live2d_motion":"true","live2d_hide":"true","live2d_trans":"true","bg":"true","tb_image_show":"true","tb_image_hide":"true","clickable":"true","button":"true","tb_show_message_window":"true","tb_hide_message_window":"true","hidemessage":"true","delay":"true","font":"true","resetfont":"true","wait":"true","quake":"true","playbgm":"true","stopbgm":"true","playse":"true","stopse":"true","wbgm":"true","wse":"true","movie":"true","bgmovie":"true","stop_bgmovie":"true","wait_bgmovie":"true","camera":"true","reset_camera":"true","wait_camera":"true","tb_eval":"true","edit":"true","commit":"true","iscript":"true","tb_start_tyrano_code":"true"},"text":{"text":"true","cm":"true","glink":"true","label":"true","jump":"true","s":"true","call":"true","return":"true","tb_ptext_show":"true","tb_ptext_hide":"true","chara_show":"true","chara_hide":"true","chara_mod":"true","chara_hide_all":"true","tb_chara_shake":"true","live2d_show":"true","live2d_motion":"true","live2d_hide":"true","live2d_trans":"true","bg":"true","tb_image_show":"true","tb_image_hide":"true","clickable":"true","button":"true","tb_show_message_window":"true","tb_hide_message_window":"true","hidemessage":"true","delay":"true","font":"true","resetfont":"true","wait":"true","quake":"true","playbgm":"true","stopbgm":"true","playse":"true","stopse":"true","wbgm":"true","wse":"true","movie":"true","bgmovie":"true","stop_bgmovie":"true","wait_bgmovie":"true","camera":"true","reset_camera":"true","wait_camera":"true","tb_eval":"true","edit":"true","commit":"true","iscript":"true","tb_start_tyrano_code":"true"},"character":{"text":"true","cm":"true","glink":"true","label":"true","jump":"true","s":"true","call":"true","return":"true","tb_ptext_show":"true","tb_ptext_hide":"true","chara_show":"true","chara_hide":"true","chara_mod":"true","chara_hide_all":"true","tb_chara_shake":"true","live2d_show":"true","live2d_motion":"true","live2d_hide":"true","live2d_trans":"true","bg":"true","tb_image_show":"true","tb_image_hide":"true","clickable":"true","button":"true","tb_show_message_window":"true","tb_hide_message_window":"true","hidemessage":"true","delay":"true","font":"true","resetfont":"true","wait":"true","quake":"true","playbgm":"true","stopbgm":"true","playse":"true","stopse":"true","wbgm":"true","wse":"true","movie":"true","bgmovie":"true","stop_bgmovie":"true","wait_bgmovie":"true","camera":"true","reset_camera":"true","wait_camera":"true","tb_eval":"true","edit":"true","commit":"true","iscript":"true","tb_start_tyrano_code":"true"},"live2d":{"text":"true","cm":"true","glink":"true","label":"true","jump":"true","s":"true","call":"true","return":"true","tb_ptext_show":"true","tb_ptext_hide":"true","chara_show":"true","chara_hide":"true","chara_mod":"true","chara_hide_all":"true","tb_chara_shake":"true","live2d_show":"true","live2d_motion":"true","live2d_hide":"true","live2d_trans":"true","bg":"true","tb_image_show":"true","tb_image_hide":"true","clickable":"true","button":"true","tb_show_message_window":"true","tb_hide_message_window":"true","hidemessage":"true","delay":"true","font":"true","resetfont":"true","wait":"true","quake":"true","playbgm":"true","stopbgm":"true","playse":"true","stopse":"true","wbgm":"true","wse":"true","movie":"true","bgmovie":"true","stop_bgmovie":"true","wait_bgmovie":"true","camera":"true","reset_camera":"true","wait_camera":"true","tb_eval":"true","edit":"true","commit":"true","iscript":"true","tb_start_tyrano_code":"true"},"image":{"text":"true","cm":"true","glink":"true","label":"true","jump":"true","s":"true","call":"true","return":"true","tb_ptext_show":"true","tb_ptext_hide":"true","chara_show":"true","chara_hide":"true","chara_mod":"true","chara_hide_all":"true","tb_chara_shake":"true","live2d_show":"true","live2d_motion":"true","live2d_hide":"true","live2d_trans":"true","bg":"true","tb_image_show":"true","tb_image_hide":"true","clickable":"true","button":"true","tb_show_message_window":"true","tb_hide_message_window":"true","hidemessage":"true","delay":"true","font":"true","resetfont":"true","wait":"true","quake":"true","playbgm":"true","stopbgm":"true","playse":"true","stopse":"true","wbgm":"true","wse":"true","movie":"true","bgmovie":"true","stop_bgmovie":"true","wait_bgmovie":"true","camera":"true","reset_camera":"true","wait_camera":"true","tb_eval":"true","edit":"true","commit":"true","iscript":"true","tb_start_tyrano_code":"true"},"effect":{"text":"true","cm":"true","glink":"true","label":"true","jump":"true","s":"true","call":"true","return":"true","tb_ptext_show":"true","tb_ptext_hide":"true","chara_show":"true","chara_hide":"true","chara_mod":"true","chara_hide_all":"true","tb_chara_shake":"true","live2d_show":"true","live2d_motion":"true","live2d_hide":"true","live2d_trans":"true","bg":"true","tb_image_show":"true","tb_image_hide":"true","clickable":"true","button":"true","tb_show_message_window":"true","tb_hide_message_window":"true","hidemessage":"true","delay":"true","font":"true","resetfont":"true","wait":"true","quake":"true","playbgm":"true","stopbgm":"true","playse":"true","stopse":"true","wbgm":"true","wse":"true","movie":"true","bgmovie":"true","stop_bgmovie":"true","wait_bgmovie":"true","camera":"true","reset_camera":"true","wait_camera":"true","tb_eval":"true","edit":"true","commit":"true","iscript":"true","tb_start_tyrano_code":"true"},"media":{"text":"true","cm":"true","glink":"true","label":"true","jump":"true","s":"true","call":"true","return":"true","tb_ptext_show":"true","tb_ptext_hide":"true","chara_show":"true","chara_hide":"true","chara_mod":"true","chara_hide_all":"true","tb_chara_shake":"true","live2d_show":"true","live2d_motion":"true","live2d_hide":"true","live2d_trans":"true","bg":"true","tb_image_show":"true","tb_image_hide":"true","clickable":"true","button":"true","tb_show_message_window":"true","tb_hide_message_window":"true","hidemessage":"true","delay":"true","font":"true","resetfont":"true","wait":"true","quake":"true","playbgm":"true","stopbgm":"true","playse":"true","stopse":"true","wbgm":"true","wse":"true","movie":"true","bgmovie":"true","stop_bgmovie":"true","wait_bgmovie":"true","camera":"true","reset_camera":"true","wait_camera":"true","tb_eval":"true","edit":"true","commit":"true","iscript":"true","tb_start_tyrano_code":"true"},"bgmovie":{"text":"true","cm":"true","glink":"true","label":"true","jump":"true","s":"true","call":"true","return":"true","tb_ptext_show":"true","tb_ptext_hide":"true","chara_show":"true","chara_hide":"true","chara_mod":"true","chara_hide_all":"true","tb_chara_shake":"true","live2d_show":"true","live2d_motion":"true","live2d_hide":"true","live2d_trans":"true","bg":"true","tb_image_show":"true","tb_image_hide":"true","clickable":"true","button":"true","tb_show_message_window":"true","tb_hide_message_window":"true","hidemessage":"true","delay":"true","font":"true","resetfont":"true","wait":"true","quake":"true","playbgm":"true","stopbgm":"true","playse":"true","stopse":"true","wbgm":"true","wse":"true","movie":"true","bgmovie":"true","stop_bgmovie":"true","wait_bgmovie":"true","camera":"true","reset_camera":"true","wait_camera":"true","tb_eval":"true","edit":"true","commit":"true","iscript":"true","tb_start_tyrano_code":"true"},"camera":{"text":"true","cm":"true","glink":"true","label":"true","jump":"true","s":"true","call":"true","return":"true","tb_ptext_show":"true","tb_ptext_hide":"true","chara_show":"true","chara_hide":"true","chara_mod":"true","chara_hide_all":"true","tb_chara_shake":"true","live2d_show":"true","live2d_motion":"true","live2d_hide":"true","live2d_trans":"true","bg":"true","tb_image_show":"true","tb_image_hide":"true","clickable":"true","button":"true","tb_show_message_window":"true","tb_hide_message_window":"true","hidemessage":"true","delay":"true","font":"true","resetfont":"true","wait":"true","quake":"true","playbgm":"true","stopbgm":"true","playse":"true","stopse":"true","wbgm":"true","wse":"true","movie":"true","bgmovie":"true","stop_bgmovie":"true","wait_bgmovie":"true","camera":"true","reset_camera":"true","wait_camera":"true","tb_eval":"true","edit":"true","commit":"true","iscript":"true","tb_start_tyrano_code":"true"},"eval":{"text":"true","cm":"true","glink":"true","label":"true","jump":"true","s":"true","call":"true","return":"true","tb_ptext_show":"true","tb_ptext_hide":"true","chara_show":"true","chara_hide":"true","chara_mod":"true","chara_hide_all":"true","tb_chara_shake":"true","live2d_show":"true","live2d_motion":"true","live2d_hide":"true","live2d_trans":"true","bg":"true","tb_image_show":"true","tb_image_hide":"true","clickable":"true","button":"true","tb_show_message_window":"true","tb_hide_message_window":"true","hidemessage":"true","delay":"true","font":"true","resetfont":"true","wait":"true","quake":"true","playbgm":"true","stopbgm":"true","playse":"true","stopse":"true","wbgm":"true","wse":"true","movie":"true","bgmovie":"true","stop_bgmovie":"true","wait_bgmovie":"true","camera":"true","reset_camera":"true","wait_camera":"true","tb_eval":"true","edit":"true","commit":"true","iscript":"true","tb_start_tyrano_code":"true"},"script":{"text":"true","cm":"true","glink":"true","label":"true","jump":"true","s":"true","call":"true","return":"true","tb_ptext_show":"true","tb_ptext_hide":"true","chara_show":"true","chara_hide":"true","chara_mod":"true","chara_hide_all":"true","tb_chara_shake":"true","live2d_show":"true","live2d_motion":"true","live2d_hide":"true","live2d_trans":"true","bg":"true","tb_image_show":"true","tb_image_hide":"true","clickable":"true","button":"true","tb_show_message_window":"true","tb_hide_message_window":"true","hidemessage":"true","delay":"true","font":"true","resetfont":"true","wait":"true","quake":"true","playbgm":"true","stopbgm":"true","playse":"true","stopse":"true","wbgm":"true","wse":"true","movie":"true","bgmovie":"true","stop_bgmovie":"true","wait_bgmovie":"true","camera":"true","reset_camera":"true","wait_camera":"true","tb_eval":"true","edit":"true","commit":"true","iscript":"true","tb_start_tyrano_code":"true"}}}